"URL","src_name_short","src_name_long","name","src_country"
"http://feeds.bbci.co.uk/news/rss.xml","BBC","British Broadcasting Corporation","Top Stories","GBR"
"http://feeds.bbci.co.uk/news/world/rss.xml","BBC","British Broadcasting Corporation","World","GBR"
"http://feeds.bbci.co.uk/news/uk/rss.xml","BBC","British Broadcasting Corporation","UK","GBR"
"http://feeds.bbci.co.uk/news/business/rss.xml","BBC","British Broadcasting Corporation","Business","GBR"
"http://feeds.bbci.co.uk/news/politics/rss.xml","BBC","British Broadcasting Corporation","Politics","GBR"
"http://feeds.bbci.co.uk/news/health/rss.xml","BBC","British Broadcasting Corporation","Health","GBR"
"http://feeds.bbci.co.uk/news/education/rss.xml","BBC","British Broadcasting Corporation","Education and Family","GBR"
"http://feeds.bbci.co.uk/news/science_and_environment/rss.xml","BBC","British Broadcasting Corporation","Science and Environment","GBR"
"http://feeds.bbci.co.uk/news/technology/rss.xml","BBC","British Broadcasting Corporation","Technology","GBR"
"http://feeds.bbci.co.uk/news/entertainment_and_arts/rss.xml","BBC","British Broadcasting Corporation","Entertainment and Arts","GBR"
"http://feeds.bbci.co.uk/news/world/africa/rss.xml","BBC","British Broadcasting Corporation","Africa","GBR"
"http://feeds.bbci.co.uk/news/world/asia/rss.xml","BBC","British Broadcasting Corporation","Asia","GBR"
"http://feeds.bbci.co.uk/news/world/europe/rss.xml","BBC","British Broadcasting Corporation","Europe","GBR"
"http://feeds.bbci.co.uk/news/world/latin_america/rss.xml","BBC","British Broadcasting Corporation","Latin America","GBR"
"http://feeds.bbci.co.uk/news/world/middle_east/rss.xml","BBC","British Broadcasting Corporation","Middle East","GBR"
"http://feeds.bbci.co.uk/news/world/us_and_canada/rss.xml","BBC","British Broadcasting Corporation","US & Canada","GBR"
"http://feeds.bbci.co.uk/news/england/rss.xml","BBC","British Broadcasting Corporation","England","GBR"
"http://feeds.bbci.co.uk/news/northern_ireland/rss.xml","BBC","British Broadcasting Corporation","Northern Ireland","GBR"
"http://feeds.bbci.co.uk/news/scotland/rss.xml","BBC","British Broadcasting Corporation","Scotland","GBR"
"http://feeds.bbci.co.uk/news/wales/rss.xml","BBC","British Broadcasting Corporation","Wales","GBR"
"http://rss.cnn.com/rss/edition.rss","CNN","Cable News Network","Top Stories","USA"
"http://rss.cnn.com/rss/edition_world.rss","CNN","Cable News Network","World","USA"
"http://rss.cnn.com/rss/edition_africa.rss","CNN","Cable News Network","Africa","USA"
"http://rss.cnn.com/rss/edition_americas.rss","CNN","Cable News Network","Americas","USA"
"http://rss.cnn.com/rss/edition_asia.rss","CNN","Cable News Network","Asia","USA"
"http://rss.cnn.com/rss/edition_europe.rss","CNN","Cable News Network","Europe","USA"
"http://rss.cnn.com/rss/edition_meast.rss","CNN","Cable News Network","Middle East","USA"
"http://rss.cnn.com/rss/edition_us.rss","CNN","Cable News Network","U.S.","USA"
"http://rss.cnn.com/rss/money_news_international.rss","CNN","Cable News Network","Money","USA"
"http://rss.cnn.com/rss/edition_technology.rss","CNN","Cable News Network","Technology","USA"
"http://rss.cnn.com/rss/edition_space.rss","CNN","Cable News Network","Space","USA"
"http://rss.cnn.com/rss/edition_entertainment.rss","CNN","Cable News Network","Entertainment","USA"
"http://rss.cnn.com/rss/edition_sport.rss","CNN","Cable News Network","Entertainment","USA"
"http://rss.cnn.com/rss/edition_football.rss","CNN","Cable News Network","Football","USA"
"http://rss.cnn.com/rss/edition_golf.rss","CNN","Cable News Network","Golf","USA"
"http://rss.cnn.com/rss/edition_motorsport.rss","CNN","Cable News Network","Motorsport","USA"
"http://rss.cnn.com/rss/edition_tennis.rss","CNN","Cable News Network","Tennis","USA"
"http://rss.cnn.com/rss/edition_travel.rss","CNN","Cable News Network","Travel","USA"
"http://rss.cnn.com/rss/cnn_freeviceo.rss","CNN","Cable News Network","Video","USA"
"http://rss.cnn.com/rss/cnn_latest.rss","CNN","Cable News Network","Most Recent","USA"
"https://www.cnbc.com/id/100003114/device/rss/rss.html","CNBC","Consumer News and Business Channel","Top News","USA"
"https://www.cnbc.com/id/100727362/device/rss/rss.html","CNBC","Consumer News and Business Channel","World News","USA"
"https://www.cnbc.com/id/15837362/device/rss/rss.html","CNBC","Consumer News and Business Channel","US News","USA"
"https://www.cnbc.com/id/19832390/device/rss/rss.html","CNBC","Consumer News and Business Channel","Asia News","USA"
"https://www.cnbc.com/id/19794221/device/rss/rss.html","CNBC","Consumer News and Business Channel","Europe News","USA"
"https://www.cnbc.com/id/10001147/device/rss/rss.html","CNBC","Consumer News and Business Channel","Business","USA"
"https://www.cnbc.com/id/15839135/device/rss/rss.html","CNBC","Consumer News and Business Channel","Earnings","USA"
"https://www.cnbc.com/id/100370673/device/rss/rss.html","CNBC","Consumer News and Business Channel","Commentary","USA"
"https://www.cnbc.com/id/20910258/device/rss/rss.html","CNBC","Consumer News and Business Channel","Economy","USA"
"https://www.cnbc.com/id/10000664/device/rss/rss.html","CNBC","Consumer News and Business Channel","Finance","USA"
"https://www.cnbc.com/id/19854910/device/rss/rss.html","CNBC","Consumer News and Business Channel","Technology","USA"
"https://www.cnbc.com/id/10000113/device/rss/rss.html","CNBC","Consumer News and Business Channel","Politics","USA"
"https://www.cnbc.com/id/10000108/device/rss/rss.html","CNBC","Consumer News and Business Channel","Health Care","USA"
"https://www.cnbc.com/id/10000115/device/rss/rss.html","CNBC","Consumer News and Business Channel","Real Estate","USA"
"https://www.cnbc.com/id/10001054/device/rss/rss.html","CNBC","Consumer News and Business Channel","Wealth","USA"
"https://www.cnbc.com/id/10000101/device/rss/rss.html","CNBC","Consumer News and Business Channel","Autos","USA"
"https://www.cnbc.com/id/19836768/device/rss/rss.html","CNBC","Consumer News and Business Channel","Energy","USA"
"https://www.cnbc.com/id/10000110/device/rss/rss.html","CNBC","Consumer News and Business Channel","Media","USA"
"https://www.cnbc.com/id/10000116/device/rss/rss.html","CNBC","Consumer News and Business Channel","Retail","USA"
"https://www.cnbc.com/id/10000739/device/rss/rss.html","CNBC","Consumer News and Business Channel","Travel","USA"
"https://www.cnbc.com/id/44877279/device/rss/rss.html","CNBC","Consumer News and Business Channel","Small Business","USA"
"http://feeds.feedburner.com/euronews/en/home/","Euronews","Euronews","Small Business","FRA"
"https://www.nytimes.com/services/xml/rss/nyt/World.xml","NYT","New York Times","World","USA"
"https://www.nytimes.com/services/xml/rss/nyt/Africa.xml","NYT","New York Times","Africa","USA"
"https://www.nytimes.com/services/xml/rss/nyt/Americas.xml","NYT","New York Times","Americas","USA"
"https://www.nytimes.com/services/xml/rss/nyt/AsiaPacific.xml","NYT","New York Times","Asia Pacific","USA"
"https://www.nytimes.com/services/xml/rss/nyt/Europe.xml","NYT","New York Times","Europe","USA"
"https://www.nytimes.com/services/xml/rss/nyt/MiddleEast.xml","NYT","New York Times","Middle East","USA"
"https://www.nytimes.com/services/xml/rss/nyt/US.xml","NYT","New York Times","U.S.","USA"
"https://www.nytimes.com/services/xml/rss/nyt/Education.xml","NYT","New York Times","Education","USA"
"https://www.nytimes.com/services/xml/rss/nyt/Politics.xml","NYT","New York Times","Politics","USA"
"https://www.nytimes.com/services/xml/rss/nyt/NYRegion.xml","NYT","New York Times","N.Y./Region","USA"
"http://feeds.nytimes.com/nyt/rss/Business","NYT","New York Times","Business","USA"
"https://www.nytimes.com/services/xml/rss/nyt/EnergyEnvironment.xml","NYT","New York Times","Energy & Environment","USA"
"https://www.nytimes.com/services/xml/rss/nyt/Economy.xml","NYT","New York Times","Economy","USA"
"https://www.nytimes.com/services/xml/rss/nyt/Dealbook.xml","NYT","New York Times","DealBook","USA"
"https://www.nytimes.com/services/xml/rss/nyt/MediaandAdvertising.xml","NYT","New York Times","Media & Advertising","USA"
"http://feeds.nytimes.com/nyt/rss/Technology","NYT","New York Times","Technology","USA"
"https://www.nytimes.com/services/xml/rss/nyt/Sports.xml","NYT","New York Times","Sports","USA"
"https://www.nytimes.com/services/xml/rss/nyt/Baseball.xml","NYT","New York Times","Baseball","USA"
"https://www.nytimes.com/services/xml/rss/nyt/Golf.xml","NYT","New York Times","Golf","USA"
"https://www.nytimes.com/services/xml/rss/nyt/Hockey.xml","NYT","New York Times","Hockey","USA"
"https://www.nytimes.com/services/xml/rss/nyt/Soccer.xml","NYT","New York Times","Soccer","USA"
"https://www.nytimes.com/services/xml/rss/nyt/Tennis.xml","NYT","New York Times","Tennis","USA"
"http://feeds.reuters.com/news/artsculture","Reuters","Reuters","Arts","GBR"
"http://feeds.reuters.com/reuters/businessNews","Reuters","Reuters","Business","GBR"
"http://feeds.reuters.com/reuters/companyNews","Reuters","Reuters","Company News","GBR"
"http://feeds.reuters.com/reuters/entertainment","Reuters","Reuters","Entertainment","GBR"
"http://feeds.reuters.com/reuters/healthNews","Reuters","Reuters","Health News","GBR"
"http://feeds.reuters.com/reuters/lifestyle","Reuters","Reuters","Lifestyle","GBR"
"http://feeds.reuters.com/news/wealth","Reuters","Reuters","Money","GBR"
"http://feeds.reuters.com/reuters/oddlyEnoughNews","Reuters","Reuters","Oddly Enough","GBR"
"http://feeds.reuters.com/reuters/peopleNews","Reuters","Reuters","People","GBR"
"http://feeds.reuters.com/Reuters/PoliticsNews","Reuters","Reuters","Politics","GBR"
"http://feeds.reuters.com/reuters/scienceNews","Reuters","Reuters","Science","GBR"
"http://feeds.reuters.com/reuters/sportsNews","Reuters","Reuters","Sports","GBR"
"http://feeds.reuters.com/reuters/technologyNews","Reuters","Reuters","Technology","GBR"
"http://feeds.reuters.com/reuters/topNews","Reuters","Reuters","Top News","GBR"
"http://feeds.reuters.com/Reuters/domesticNews","Reuters","Reuters","US News","GBR"
"http://feeds.reuters.com/Reuters/worldNews","Reuters","Reuters","World","GBR"
"https://www.yahoo.com/news/rss/world","Yahoo","Yahoo","World","USA"
"http://www.spiegel.de/international/index.rss","Spiegel","Spiegel Online","All News","DEU"
"http://www.spiegel.de/international/germany/index.rss","Spiegel","Spiegel Online","Germany News","DEU"
"http://www.spiegel.de/international/europe/index.rss","Spiegel","Spiegel Online","European News","DEU"
"http://www.spiegel.de/international/world/index.rss","Spiegel","Spiegel Online","World News","DEU"
"http://www.spiegel.de/international/business/index.rss","Spiegel","Spiegel Online","Business News","DEU"
"http://www.spiegel.de/international/zeitgeist/index.rss","Spiegel","Spiegel Online","Zeitgeist","DEU"
"https://sputniknews.com/export/rss2/world/index.xml","Sputnik","Sputnik International","World","RUS"
"https://news.google.com/news/rss/headlines/section/topic/WORLD?ned=us&hl=en","Google","Google News","World","USA"
"https://www.buzzfeed.com/world.xml","BuzzFeed","BuzzFeed News","World","USA"
"http://www.aljazeera.com/xml/rss/all.xml","AlJazeera","Al Jazeera News","All News","QAT"
"http://defence-blog.com/feed","DefenceBlog","Defence Blog","All News","USA"
"https://www.theguardian.com/world/rss","TheGuardian","The Guardian","World News","GBR"
"http://feeds.washingtonpost.com/rss/world","WashingtonPost","Washington Post","World News","USA"
"http://timesofindia.indiatimes.com/rssfeedstopstories.cms","IndiaTimes","India Times","Top Stories","IND"
"http://timesofindia.indiatimes.com/rssfeeds/1221656.cms","IndiaTimes","India Times","Most Recent Stories","IND"
"http://timesofindia.indiatimes.com/rssfeeds/-2128936835.cms","IndiaTimes","India Times","India","IND"
"http://timesofindia.indiatimes.com/rssfeeds/296589292.cms","IndiaTimes","India Times","World","IND"
"http://timesofindia.indiatimes.com/rssfeeds/7098551.cms","IndiaTimes","India Times","NRI","IND"
"http://timesofindia.indiatimes.com/rssfeeds/1898055.cms","IndiaTimes","India Times","Business","IND"
"http://timesofindia.indiatimes.com/rssfeeds/4719161.cms","IndiaTimes","India Times","Cricket","IND"
"http://timesofindia.indiatimes.com/rssfeeds/4719148.cms","IndiaTimes","India Times","Sports","IND"
"http://timesofindia.indiatimes.com/rssfeeds/3908999.cms","IndiaTimes","India Times","Health","IND"
"http://timesofindia.indiatimes.com/rssfeeds/-2128672765.cms","IndiaTimes","India Times","Science","IND"
"http://timesofindia.indiatimes.com/rssfeeds/2647163.cms","IndiaTimes","India Times","Environment","IND"
"http://timesofindia.indiatimes.com/rssfeeds/5880659.cms","IndiaTimes","India Times","Tech","IND"
"http://timesofindia.indiatimes.com/rssfeeds/913168846.cms","IndiaTimes","India Times","Education","IND"
"http://timesofindia.indiatimes.com/rssfeeds/1945062111.cms","IndiaTimes","India Times","Sunday TOI","IND"
"http://timesofindia.indiatimes.com/rssfeeds/784865811.cms","IndiaTimes","India Times","Opinion","IND"
"http://timesofindia.indiatimes.com/rssfeeds/1081479906.cms","IndiaTimes","India Times","Entertainment","IND"
"http://timesofindia.indiatimes.com/rssfeeds/2886704.cms","IndiaTimes","India Times","Life & Style","IND"
"http://timesofindia.indiatimes.com/rssfeedmostread.cms","IndiaTimes","India Times","Most Read","IND"
"http://timesofindia.indiatimes.com/rssfeedmostemailed.cms","IndiaTimes","India Times","Most Shared","IND"
"http://timesofindia.indiatimes.com/rssfeedmostcommented.cms","IndiaTimes","India Times","Most Commented","IND"
"https://www.rt.com/rss/news/","RT","RT","World News","RUS"
"http://www.independent.co.uk/news/world/rss","TheIndependent","The Independent","World News","GBR"
"http://www.npr.org/rss/rss.php?id=1004","NPR","National Public Radio","World News","USA"
"https://www.express.co.uk/posts/rss/77/news","DailyExpress","Daily Express","News","GBR"
"https://www.express.co.uk/posts/rss/1/uk","DailyExpress","Daily Express","UK","GBR"
"https://www.express.co.uk/posts/rss/78/world","DailyExpress","Daily Express","World","GBR"
"https://www.express.co.uk/posts/rss/80/weird","DailyExpress","Daily Express","Weird","GBR"
"https://www.express.co.uk/posts/rss/106/royal","DailyExpress","Daily Express","Royal","GBR"
"https://www.express.co.uk/posts/rss/139/politics","DailyExpress","Daily Express","Politics","GBR"
"https://www.express.co.uk/posts/rss/151/science","DailyExpress","Daily Express","Science","GBR"
"https://www.express.co.uk/posts/rss/153/weather","DailyExpress","Daily Express","Weather","GBR"
"https://www.express.co.uk/posts/rss/57/scotland","DailyExpress","Daily Express","Scotland","GBR"
"https://www.express.co.uk/posts/rss/128/nature","DailyExpress","Daily Express","Nature","GBR"
"https://www.express.co.uk/posts/rss/54/sunday","DailyExpress","Daily Express","Sunday","GBR"
"https://www.express.co.uk/posts/rss/141/history","DailyExpress","Daily Express","History","GBR"
"https://www.express.co.uk/posts/rss/140/obituaries","DailyExpress","Daily Express","Obituaries","GBR"
"https://www.express.co.uk/posts/rss/149/clarificationsandcorrections","DailyExpress","Daily Express","Clarifications and Corrections","GBR"
"https://www.express.co.uk/posts/rss/152/showbiztv","DailyExpress","Daily Express","Showbiz & TV","GBR"
"https://www.express.co.uk/posts/rss/79/celebritynews","DailyExpress","Daily Express","Celebrity News","GBR"
"https://www.express.co.uk/posts/rss/20/tvradio","DailyExpress","Daily Express","TV & Radio","GBR"
"https://www.express.co.uk/posts/rss/65/sport","DailyExpress","Daily Express","Sport","GBR"
"https://www.express.co.uk/posts/rss/67/football","DailyExpress","Daily Express","Football","GBR"
"https://www.express.co.uk/posts/rss/72/tennis","DailyExpress","Daily Express","Tennis","GBR"
"https://www.express.co.uk/posts/rss/73/f1","DailyExpress","Daily Express","F1","GBR"
"https://www.express.co.uk/posts/rss/69/rugby","DailyExpress","Daily Express","Rugby","GBR"
"https://www.express.co.uk/posts/rss/102/boxing","DailyExpress","Daily Express","Boxing","GBR"
"https://www.express.co.uk/posts/rss/71/golf","DailyExpress","Daily Express","Golf","GBR"
"https://www.express.co.uk/posts/rss/171/wwe","DailyExpress","Daily Express","WWE","GBR"
"https://www.express.co.uk/posts/rss/172/nfl","DailyExpress","Daily Express","NFL","GBR"
"https://www.express.co.uk/posts/rss/167/ufc","DailyExpress","Daily Express","UFC","GBR"
"https://www.express.co.uk/posts/rss/68/cricket","DailyExpress","Daily Express","Cricket","GBR"
"https://www.express.co.uk/posts/rss/4/other","DailyExpress","Daily Express","Other","GBR"
"https://www.express.co.uk/posts/rss/170/nba","DailyExpress","Daily Express","NBA","GBR"
"https://www.express.co.uk/posts/rss/74/racing","DailyExpress","Daily Express","Racing","GBR"
"https://www.express.co.uk/posts/rss/16/comment","DailyExpress","Daily Express","Comment","GBR"
"https://www.express.co.uk/posts/rss/40/columnists","DailyExpress","Daily Express","Columnists","GBR"
"https://www.express.co.uk/posts/rss/41/expresscomment","DailyExpress","Daily Express","Express Comment","GBR"
"https://www.express.co.uk/posts/rss/21/finance","DailyExpress","Daily Express","Finance","GBR"
"https://www.express.co.uk/posts/rss/22/citybusiness","DailyExpress","Daily Express","City & Business","GBR"
"https://www.express.co.uk/posts/rss/23/personalfinance","DailyExpress","Daily Express","Personal Finance","GBR"
"https://www.express.co.uk/posts/rss/17/thecrusader","DailyExpress","Daily Express","The Crusader","GBR"
"https://www.express.co.uk/posts/rss/50/retirement","DailyExpress","Daily Express","Retirement","GBR"
"https://www.express.co.uk/posts/rss/132/travel","DailyExpress","Daily Express","Travel","GBR"
"https://www.express.co.uk/posts/rss/135/cruise","DailyExpress","Daily Express","Cruise","GBR"
"https://www.express.co.uk/posts/rss/133/activityholidays","DailyExpress","Daily Express","Activity Holidays","GBR"
"https://www.express.co.uk/posts/rss/134/beachholidays","DailyExpress","Daily Express","Beach Holidays","GBR"
"https://www.express.co.uk/posts/rss/136/shortcitybreaks","DailyExpress","Daily Express","Short & City breaks","GBR"
"https://www.express.co.uk/posts/rss/25/travelnews","DailyExpress","Daily Express","Travel News","GBR"
"https://www.express.co.uk/posts/rss/18/entertainment","DailyExpress","Daily Express","Entertainment","GBR"
"https://www.express.co.uk/posts/rss/143/gaming","DailyExpress","Daily Express","Gaming","GBR"
"https://www.express.co.uk/posts/rss/38/theatre","DailyExpress","Daily Express","Theatre","GBR"
"https://www.express.co.uk/posts/rss/36/films","DailyExpress","Daily Express","Films","GBR"
"https://www.express.co.uk/posts/rss/39/books","DailyExpress","Daily Express","Books","GBR"
"https://www.express.co.uk/posts/rss/35/music","DailyExpress","Daily Express","Music","GBR"
"https://www.express.co.uk/posts/rss/8/lifestyle","DailyExpress","Daily Express","Life & Style","GBR"
"https://www.express.co.uk/posts/rss/130/life","DailyExpress","Daily Express","Life","GBR"
"https://www.express.co.uk/posts/rss/12/style","DailyExpress","Daily Express","Style","GBR"
"https://www.express.co.uk/posts/rss/11/health","DailyExpress","Daily Express","Health","GBR"
"https://www.express.co.uk/posts/rss/24/cars","DailyExpress","Daily Express","Cars","GBR"
"https://www.express.co.uk/posts/rss/13/garden","DailyExpress","Daily Express","Garden","GBR"
"https://www.express.co.uk/posts/rss/51/property","DailyExpress","Daily Express","Property","GBR"
"https://www.express.co.uk/posts/rss/14/food","DailyExpress","Daily Express","Food","GBR"
"https://www.express.co.uk/posts/rss/59/tech","DailyExpress","Daily Express","Tech","GBR"
"https://www.express.co.uk/posts/rss/126/diets","DailyExpress","Daily Express","Diets","GBR"
"https://www.express.co.uk/posts/rss/138/win","DailyExpress","Daily Express","Win","GBR"
"https://www.express.co.uk/posts/rss/109/top10facts","DailyExpress","Daily Express","Top 10 Facts","GBR"
"https://www.express.co.uk/posts/rss/105/pictures","DailyExpress","Daily Express","Pictures","GBR"
"https://www.express.co.uk/posts/rss/137/videos","DailyExpress","Daily Express","Videos","GBR"
"http://www.mirror.co.uk/news/world-news/rss.xml","DailyMirror","Daily Mirror","World News","GBR"
"http://www.cbc.ca/cmlink/rss-world","CBC","Canadian Broadcasting Corporation","World News","CAN"
"http://feeds2.feedburner.com/time/topstories","Time","Time","Top Stories","USA"
"http://feeds2.feedburner.com/time/mostviewed","Time","Time","Most Viewed","USA"
"http://feeds2.feedburner.com/time/mostemailed","Time","Time","Most Emailed","USA"
"http://feeds.feedburner.com/time/newsfeed","Time","Time","NewsFeed","USA"
"http://feeds2.feedburner.com/time/nation","Time","Time","U.S.","USA"
"http://feeds.feedburner.com/timeblogs/swampland","Time","Time","Swampland","USA"
"http://feeds2.feedburner.com/time/world","Time","Time","World","USA"
"http://feeds2.feedburner.com/time/business","Time","Time","Business","USA"
"http://feeds.feedburner.com/timeblogs/nerd_world","Time","Time","Techland","USA"
"http://feeds.feedburner.com/time/healthland","Time","Time","Healthland","USA"
"http://feeds2.feedburner.com/time/scienceandhealth","Time","Time","Science","USA"
"http://feeds2.feedburner.com/time/entertainment","Time","Time","Entertainment","USA"
"https://www.cbsnews.com/latest/rss/main","CBS","CBS","Top Stories","USA"
"https://www.cbsnews.com/latest/rss/us","CBS","CBS","U.S.","USA"
"https://www.cbsnews.com/latest/rss/politics","CBS","CBS","Politics","USA"
"https://www.cbsnews.com/latest/rss/world","CBS","CBS","World","USA"
"https://www.cbsnews.com/latest/rss/tech","CBS","CBS","SciTech","USA"
"https://www.cbsnews.com/latest/rss/health","CBS","CBS","Health","USA"
"https://www.cbsnews.com/latest/rss/entertainment","CBS","CBS","Entertainment","USA"
"https://www.cbsnews.com/latest/rss/moneywatch","CBS","CBS","MoneyWatch","USA"
"https://www.cbsnews.com/feeds/rss/cbsnews_investigates.rss","CBS","CBS","CBS News investigates","USA"
"https://www.cbsnews.com/feeds/rss/opinion.rss","CBS","CBS","Opinion","USA"
"https://www.thesun.co.uk/news/worldnews/feed","TheSun","The Sun","World News","GBR"
"http://feeds.abcnews.com/abcnews/topstories","ABCNews","American Broadcasting Company News","Breaking News","USA"
"http://www.vox.com/rss/index.xml","Vox","Vox News","World News","USA"
"http://feeds.skynews.com/feeds/rss/home.xml","SkyNews","Sky News","Home","GBR"
"http://feeds.skynews.com/feeds/rss/uk.xml","SkyNews","Sky News","UK","GBR"
"http://feeds.skynews.com/feeds/rss/world.xml","SkyNews","Sky News","World","GBR"
"http://feeds.skynews.com/feeds/rss/us.xml","SkyNews","Sky News","US","GBR"
"http://feeds.skynews.com/feeds/rss/business.xml","SkyNews","Sky News","Business","GBR"
"http://feeds.skynews.com/feeds/rss/politics.xml","SkyNews","Sky News","Politics","GBR"
"http://feeds.skynews.com/feeds/rss/technology.xml","SkyNews","Sky News","Technology","GBR"
"http://feeds.skynews.com/feeds/rss/entertainment.xml","SkyNews","Sky News","Entertainment","GBR"
"http://feeds.skynews.com/feeds/rss/strange.xml","SkyNews","Sky News","Strange News","GBR"
"http://feeds.news24.com/articles/News24/TopStories/rss","News24","News24","Top Stories","ZAF"
"http://feeds.news24.com/articles/News24/SouthAfrica/rss","News24","News24","South Africa","ZAF"
"http://feeds.news24.com/articles/News24/Africa/rss","News24","News24","Africa","ZAF"
"http://feeds.news24.com/articles/News24/Africa/Zimbabwe/rss","News24","News24","Zimbabwe","ZAF"
"http://feeds.news24.com/articles/News24/World/rss","News24","News24","World","ZAF"
"http://feeds.news24.com/articles/News24/SciTech/rss","News24","News24","Sci-Tech","ZAF"
"http://feeds.24.com/articles/sport/featured/topstories/rss","News24","News24","Sport","ZAF"
"http://feeds.news24.com/articles/News24/Entertainment/rss","News24","News24","Entertainment","ZAF"
"http://feeds.news24.com/articles/News24/Opinions/rss","News24","News24","Opinions","ZAF"
"http://feeds.news24.com/articles/News24/MyNews24/rss","News24","News24","MyNews24","ZAF"
"http://www.fin24.com/dataclients/newsclients/Fin24Rss.aspx","News24","News24","Finance","ZAF"
"http://www.property24.com/Property24/Property24RSS/GetRss.aspx","News24","News24","Property","ZAF"
"https://www.smh.com.au/rss/feed.xml","SMH","Sydney Morning Herald","Latest News","AUS"
"https://www.smh.com.au/rss/politics/federal.xml","SMH","Sydney Morning Herald","Federal Politics","AUS"
"https://www.smh.com.au/rss/national/nsw.xml","SMH","Sydney Morning Herald","NSW News","AUS"
"https://www.smh.com.au/rss/world.xml","SMH","Sydney Morning Herald","World","AUS"
"https://www.smh.com.au/rss/national.xml","SMH","Sydney Morning Herald","National","AUS"
"https://www.smh.com.au/rss/business.xml","SMH","Sydney Morning Herald","Business","AUS"
"https://www.smh.com.au/rss/entertainment.xml","SMH","Sydney Morning Herald","Entertainment","AUS"
"https://www.smh.com.au/rss/technology.xml","SMH","Sydney Morning Herald","Technology","AUS"
"https://www.smh.com.au/rss/environment.xml","SMH","Sydney Morning Herald","Environment","AUS"
"https://www.smh.com.au/rss/lifestyle.xml","SMH","Sydney Morning Herald","Lifestyle","AUS"
"https://www.smh.com.au/rss/sport.xml","SMH","Sydney Morning Herald","Sport","AUS"
"https://www.smh.com.au/rss/sport/nrl.xml","SMH","Sydney Morning Herald","Rugby League","AUS"
"https://www.smh.com.au/rss/sport/rugby-union.xml","SMH","Sydney Morning Herald","Rugby Union","AUS"
"https://www.smh.com.au/rss/sport/afl.xml","SMH","Sydney Morning Herald","AFL","AUS"
"https://www.rawstory.com/category/world/feed/","RawStory","Raw Story","World News","USA"
"http://www.thestar.com/feeds.topstories.rss","TheStar","The Toronto Star","Top Stories","CAN"
"http://www.thestar.com/feeds.articles.news.rss","TheStar","The Toronto Star","All News","CAN"
"http://www.thestar.com/feeds.articles.news.gta.rss","TheStar","The Toronto Star","GTA","CAN"
"http://www.thestar.com/feeds.articles.news.queenspark.rss","TheStar","The Toronto Star","Queen's Park","CAN"
"http://www.thestar.com/feeds.articles.news.canada.rss","TheStar","The Toronto Star","Canada","CAN"
"http://www.thestar.com/feeds.articles.news.world.rss","TheStar","The Toronto Star","World","CAN"
"http://www.thestar.com/feeds.articles.news.investigations.rss","TheStar","The Toronto Star","Investigations","CAN"
"http://www.thestar.com/feeds.articles.news.crime.rss","TheStar","The Toronto Star","Crime","CAN"
"http://www.thestar.com/feeds.articles.business.rss","TheStar","The Toronto Star","Business","CAN"
"http://www.thestar.com/feeds.articles.sports.rss","TheStar","The Toronto Star","Sports","CAN"
"http://www.thestar.com/feeds.articles.entertainment.rss","TheStar","The Toronto Star","Entertainment","CAN"
"http://www.thestar.com/feeds.articles.life.rss","TheStar","The Toronto Star","Life","CAN"
"https://globalnews.ca/canada/feed/","GlobalNews","Global News","Canada","CAN"
"https://globalnews.ca/world/feed/","GlobalNews","Global News","World","CAN"
"https://globalnews.ca/politics/feed/","GlobalNews","Global News","Politics","CAN"
"https://globalnews.ca/money/feed/","GlobalNews","Global News","Money","CAN"
"https://globalnews.ca/health/feed/","GlobalNews","Global News","Health","CAN"
"https://globalnews.ca/entertainment/feed/","GlobalNews","Global News","Entertainment","CAN"
"https://globalnews.ca/environment/feed/","GlobalNews","Global News","Environment","CAN"
"https://globalnews.ca/tech/feed/","GlobalNews","Global News","Tech","CAN"
"https://globalnews.ca/sports/feed/","GlobalNews","Global News","Sports","CAN"
"http://ctvnews.ca/rss/TopStories","CTVNews","CTVNews","Top Stories","CAN"
"http://ctvnews.ca/rss/Canada","CTVNews","CTVNews","Canada Headlines","CAN"
"http://www.ctvnews.ca/rss/World","CTVNews","CTVNews","World Headlines","CAN"
"http://www.ctvnews.ca/rss/CTVNewsEnt","CTVNews","CTVNews","Entertainment Headlines","CAN"
"http://www.ctvnews.ca/rss/Politics","CTVNews","CTVNews","Politics Headlines","CAN"
"http://www.ctvnews.ca/rss/lifestyle/ctv-news-lifestyle-1.3407722","CTVNews","CTVNews","Lifestyle","CAN"
"http://www.ctvnews.ca/rss/business/ctv-news-business-headlines-1.867648","CTVNews","CTVNews","Business Headlines","CAN"
"http://www.ctvnews.ca/rss/SciTech","CTVNews","CTVNews","Science & Tech Headlines","CAN"
"http://www.ctvnews.ca/rss/sports/ctv-news-sports-1.3407726","CTVNews","CTVNews","Sports","CAN"
"http://www.ctvnews.ca/rss/Health","CTVNews","CTVNews","Health Headlines","CAN"
"http://www.ctvnews.ca/rss/autos/ctv-news-autos-1.867636","CTVNews","CTVNews","Autos","CAN"
"https://www.washingtontimes.com/rss/headlines/culture/","WashingtonTimes","Washington Times","Culture","USA"
"https://www.washingtontimes.com/rss/headlines/opinion/","WashingtonTimes","Washington Times","Opinion","USA"
"https://www.washingtontimes.com/rss/headlines/sports/","WashingtonTimes","Washington Times","Sports","USA"
"https://www.washingtontimes.com/rss/headlines/advocacy/","WashingtonTimes","Washington Times","Advocacy","USA"
"https://www.washingtontimes.com/rss/headlines/news/","WashingtonTimes","Washington Times","All News","USA"
"https://www.france24.com/en/rss","France24","France 24","World","FRA"
"https://www.france24.com/en/europe/rss","France24","France 24","Europe","FRA"
"https://www.france24.com/en/france/rss","France24","France 24","France","FRA"
"https://www.france24.com/en/africa/rss","France24","France 24","Africa","FRA"
"https://www.france24.com/en/middle-east/rss","France24","France 24","Middle East","FRA"
"https://www.france24.com/en/americas/rss","France24","France 24","Americas","FRA"
"https://www.france24.com/en/asia-pacific/rss","France24","France 24","Asia/Pacific","FRA"
"https://www.france24.com/en/business/rss","France24","France 24","Business/Tech","FRA"
"https://www.france24.com/en/sport/rss","France24","France 24","Sports","FRA"
"https://www.france24.com/en/culture/rss","France24","France 24","Culture","FRA"
"https://www.france24.com/en/earth/rss","France24","France 24","Earth","FRA"
"https://www.france24.com/en/health/rss","France24","France 24","Health","FRA"
"https://www.seattletimes.com/seattle-news/feed/","TheSeattleTimes","The Seattle Times","All Seatle News","USA"
"https://www.seattletimes.com/nation-world/feed/","TheSeattleTimes","The Seattle Times","All Nation and World","USA"
"https://www.seattletimes.com/business/feed/","TheSeattleTimes","The Seattle Times","All Business","USA"
"https://www.seattletimes.com/sports/feed/","TheSeattleTimes","The Seattle Times","All Sports","USA"
"https://www.seattletimes.com/entertainment/feed/","TheSeattleTimes","The Seattle Times","All Entertainment","USA"
"https://www.seattletimes.com/life/feed/","TheSeattleTimes","The Seattle Times","All Life","USA"
"https://www.seattletimes.com/opinion/feed/","TheSeattleTimes","The Seattle Times","All Opinion","USA"
"https://api.talkingpointsmemo.com/feed/all","TPM","Talking Points Memo","All News","USA"
"https://www.channelnewsasia.com/rssfeeds/8395986","CNA","Channel News Asia","Latest News","SGP"
"https://www.channelnewsasia.com/rssfeeds/8395744","CNA","Channel News Asia","Asia","SGP"
"https://www.channelnewsasia.com/rssfeeds/8395954","CNA","Channel News Asia","Business","SGP"
"https://www.channelnewsasia.com/rssfeeds/8396082","CNA","Channel News Asia","Singapore","SGP"
"https://www.channelnewsasia.com/rssfeeds/8395838","CNA","Channel News Asia","Sport","SGP"
"https://www.channelnewsasia.com/rssfeeds/8395884","CNA","Channel News Asia","World","SGP"
"http://www.dailytelegraph.com.au/news/breaking-news/rss","TheDailyTelegraph","The Daily Telegraph","Breaking News","AUS"
"http://www.dailytelegraph.com.au/news/nsw/rss","TheDailyTelegraph","The Daily Telegraph","New South Wales","AUS"
"http://www.dailytelegraph.com.au/news/national/rss","TheDailyTelegraph","The Daily Telegraph","National","AUS"
"http://www.dailytelegraph.com.au/news/world/rss","TheDailyTelegraph","The Daily Telegraph","World","AUS"
"http://www.dailytelegraph.com.au/business/rss","TheDailyTelegraph","The Daily Telegraph","Business","AUS"
"http://www.dailytelegraph.com.au/business/breaking-news/rss","TheDailyTelegraph","The Daily Telegraph","Business Breaking News","AUS"
"http://www.dailytelegraph.com.au/entertainment/sydney-confidential/rss","TheDailyTelegraph","The Daily Telegraph","Entertainment","AUS"
"http://www.dailytelegraph.com.au/entertainment/celebrity/rss","TheDailyTelegraph","The Daily Telegraph","Celebrity","AUS"
"http://www.dailytelegraph.com.au/entertainment/music/rss","TheDailyTelegraph","The Daily Telegraph","Music","AUS"
"http://www.dailytelegraph.com.au/lifestyle/rss","TheDailyTelegraph","The Daily Telegraph","Lifestyle","AUS"
"https://www1.cbn.com/rss-cbn-articles-cbnnews.xml","CBN","CBN News","RSS","USA"
"https://www1.cbn.com/rss-cbn-blogs-thebrodyfile.xml","CBN","CBN News","RSS - The Brody File","USA"
"https://www1.cbn.com/rss-cbn-blogs-jerusalemdateline.xml","CBN","CBN News","RSS - Jerusalem Dateline","USA"
"https://www1.cbn.com/rss-cbn-blogs-hurdontheweb.xml","CBN","CBN News","RSS - Hurd on the Web","USA"
"https://www1.cbn.com/rss-cbn-blogs-africamatters.xml","CBN","CBN News","RSS - Africa Matters","USA"
"https://www1.cbn.com/rss-cbn-news-world.xml","CBN","CBN News","RSS - World","USA"
"https://www1.cbn.com/rss-cbn-news-US.xml","CBN","CBN News","RSS - US","USA"
"https://www1.cbn.com/rss-cbn-news-insideisrael.xml","CBN","CBN News","RSS - Inside Israel","USA"
"https://www1.cbn.com/rss-cbn-news-politics.xml","CBN","CBN News","RSS - Politics","USA"
"https://www1.cbn.com/rss-cbn-news-christianworldnews.xml","CBN","CBN News","RSS - Christian World News","USA"
"https://www1.cbn.com/rss-cbn-news-health.xml","CBN","CBN News","RSS - Health and Science","USA"
"https://www1.cbn.com/rss-cbn-news-finance.xml","CBN","CBN News","RSS - Finance","USA"
"http://www.todayonline.com/hot-news/feed","TodayOnline","Today Online","HotNews","SGP"
"http://www.todayonline.com/feed/commentary","TodayOnline","Today Online","Commentary","SGP"
"http://www.todayonline.com/feed/voices","TodayOnline","Today Online","Voices","SGP"
"http://www.todayonline.com/feed/singapore","TodayOnline","Today Online","Singapore","SGP"
"http://www.todayonline.com/feed/daily-focus","TodayOnline","Today Online","DailyFocus","SGP"
"http://www.todayonline.com/feed/china&india","TodayOnline","Today Online","China& India","SGP"
"http://www.todayonline.com/feed/world","TodayOnline","Today Online","World","SGP"
"http://www.todayonline.com/feed/business","TodayOnline","Today Online","Business","SGP"
"http://www.todayonline.com/feed/tech","TodayOnline","Today Online","Tech","SGP"
"http://www.todayonline.com/feed/sports","TodayOnline","Today Online","Sports","SGP"
"http://www.todayonline.com/feed/entertainment","TodayOnline","Today Online","Entertainment","SGP"
"http://www.todayonline.com/feed/lifestyle","TodayOnline","Today Online","Lifestyle","SGP"
"http://www.todayonline.com/feed/blogs","TodayOnline","Today Online","Blogs","SGP"
"http://www.todayonline.com/media_feed/photo_gallery","TodayOnline","Today Online","Photos","SGP"
"http://www.todayonline.com/media_feed/video","TodayOnline","Today Online","Videos","SGP"
"http://feeds.breakingnews.ie/bntopstories","BreakingNews","Breaking News","TopStories","IRL"
"http://feeds.breakingnews.ie/bnireland","BreakingNews","Breaking News","Ireland","IRL"
"http://feeds.breakingnews.ie/bnworld","BreakingNews","Breaking News","World","IRL"
"http://feeds.breakingnews.ie/bnbusiness","BreakingNews","Breaking News","Business","IRL"
"http://feeds.breakingnews.ie/bndiscover","BreakingNews","Breaking News","#Discover","IRL"
"http://feeds.breakingnews.ie/bnbizarre","BreakingNews","Breaking News","Bizarre","IRL"
"http://feeds.breakingnews.ie/bnents","BreakingNews","Breaking News","Entertainment","IRL"
"http://www.eveningexpress.co.uk/feed/","EveningExpress","Evening Express","All News","GBR"
"https://europa.eu/newsroom/press-releases.xml_en","Europa","Europa","Latest Press Releases","BEL"
"http://www.brusselstimes.com/rss-feed?format=feed","TheBrusselsTimes","The Brussels Times","All News","BEL"
"https://www.vrt.be/vrtnieuws/en.rss.articles.xml","VRTNWS","VRT NWS","All News","BEL"
"https://www.economist.com/the-world-this-week/rss.xml","economist","The Economist","World News","GBR"
"https://www.economist.com/europe/rss.xml","economist","The Economist","Europe","GBR"
"https://www.economist.com/britain/rss.xml","economist","The Economist","Britain","GBR"
"https://www.economist.com/united-states/rss.xml","economist","The Economist","United States","GBR"
"https://www.economist.com/the-americas/rss.xml","economist","The Economist","The Americas","GBR"
"https://www.economist.com/middle-east-and-africa/rss.xml","economist","The Economist","Middle East and Africa","GBR"
"https://www.economist.com/asia/rss.xml","economist","The Economist","Asia","GBR"
"https://www.economist.com/china/rss.xml","economist","The Economist","China","GBR"
"https://www.economist.com/international/rss.xml","economist","The Economist","International","GBR"
"https://www.economist.com/business/rss.xml","economist","The Economist","Business","GBR"
"https://www.economist.com/science-and-technology/rss.xml","economist","The Economist","Science and technology","GBR"
"https://www.economist.com/books-and-arts/rss.xml","economist","The Economist","Books and arts","GBR"
"http://feeds.foxnews.com/foxnews/latest","fox","Fox News","Latest Headlines","USA"
"http://feeds.foxnews.com/foxnews/most-popular","fox","Fox News","Most Popular","USA"
"http://feeds.foxnews.com/foxnews/entertainment","fox","Fox News","Entertainment","USA"
"http://feeds.foxnews.com/foxnews/health","fox","Fox News","Health","USA"
"http://feeds.foxnews.com/foxnews/section/lifestyle","fox","Fox News","Lifestyle","USA"
"http://feeds.foxnews.com/foxnews/opinion","fox","Fox News","Opinion","USA"
"http://feeds.foxnews.com/foxnews/politics","fox","Fox News","Politics","USA"
"http://feeds.foxnews.com/foxnews/science","fox","Fox News","Science","USA"
"http://feeds.foxnews.com/foxnews/tech","fox","Fox News","Tech","USA"
"http://feeds.foxnews.com/foxnews/internal/travel/mixed","fox","Fox News","Travel","USA"
"http://feeds.foxnews.com/foxnews/national","fox","Fox News","U.S.","USA"
"http://feeds.foxnews.com/foxnews/world","fox","Fox News","World","USA"
"http://feeds.nbcnews.com/nbcnews/public/news","nbcnews","NBC News","All","USA"
"https://www.huffpost.com/section/books/feed","HUFFPOST","Huffington Post","Books","USA"
"https://www.huffpost.com/section/business/feed","HUFFPOST","Huffington Post","Business","USA"
"https://www.huffpost.com/section/celebrity/feed","HUFFPOST","Huffington Post","Celebrity","USA"
"https://www.huffpost.com/section/college/feed","HUFFPOST","Huffington Post","College","USA"
"https://www.huffpost.com/section/comedy/feed","HUFFPOST","Huffington Post","Comedy","USA"
"https://www.huffpost.com/section/crime/feed","HUFFPOST","Huffington Post","Crime","USA"
"https://www.huffpost.com/section/arts/feed","HUFFPOST","Huffington Post","Culture & Arts","USA"
"https://www.huffpost.com/section/divorce/feed","HUFFPOST","Huffington Post","Divorce","USA"
"https://www.huffpost.com/section/education/feed","HUFFPOST","Huffington Post","Education","USA"
"https://www.huffpost.com/section/entertainment/feed","HUFFPOST","Huffington Post","Entertainment","USA"
"https://www.huffpost.com/section/green/feed","HUFFPOST","Huffington Post","Environment","USA"
"https://www.huffpost.com/section/taste/feed","HUFFPOST","Huffington Post","Food & Drink","USA"
"https://www.huffpost.com/section/health/feed","HUFFPOST","Huffington Post","Health","USA"
"https://www.huffpost.com/section/huffpost-home/feed","HUFFPOST","Huffington Post","Home & Living","USA"
"https://www.huffpost.com/section/huffpost-code/feed","HUFFPOST","Huffington Post","HuffPost Code","USA"
"https://www.huffpost.com/section/huffpost-personal/feed","HUFFPOST","Huffington Post","HuffPost Personal","USA"
"https://www.huffpost.com/section/impact/feed","HUFFPOST","Huffington Post","Impact","USA"
"https://www.huffpost.com/section/media/feed","HUFFPOST","Huffington Post","Media","USA"
"https://www.huffpost.com/section/money/feed","HUFFPOST","Huffington Post","Money","USA"
"https://www.huffpost.com/section/own/feed","HUFFPOST","Huffington Post","OWN","USA"
"https://www.huffpost.com/section/opinion/feed","HUFFPOST","Huffington Post","Opinion","USA"
"https://www.huffpost.com/section/parents/feed","HUFFPOST","Huffington Post","Parenting","USA"
"https://www.huffpost.com/section/politics/feed","HUFFPOST","Huffington Post","Politics","USA"
"https://www.huffpost.com/section/fifty/feed","HUFFPOST","Huffington Post","Post 50","USA"
"https://www.huffpost.com/section/relationships/feed","HUFFPOST","Huffington Post","Relationships","USA"
"https://www.huffpost.com/section/religion/feed","HUFFPOST","Huffington Post","Religion","USA"
"https://www.huffpost.com/section/science/feed","HUFFPOST","Huffington Post","Science","USA"
"https://www.huffpost.com/section/sports/feed","HUFFPOST","Huffington Post","Sports","USA"
"https://www.huffpost.com/section/style/feed","HUFFPOST","Huffington Post","Style & Beauty","USA"
"https://www.huffpost.com/section/tv/feed","HUFFPOST","Huffington Post","TV & Film","USA"
"https://www.huffpost.com/section/technology/feed","HUFFPOST","Huffington Post","Tech","USA"
"https://www.huffpost.com/section/teen/feed","HUFFPOST","Huffington Post","Teen","USA"
"https://www.huffpost.com/section/travel/feed","HUFFPOST","Huffington Post","Travel","USA"
"https://www.huffpost.com/section/us-news/feed","HUFFPOST","Huffington Post","U.S. News","USA"
"https://www.huffpost.com/section/weddings/feed","HUFFPOST","Huffington Post","Weddings","USA"
"https://www.huffpost.com/section/weird-news/feed","HUFFPOST","Huffington Post","Weird News","USA"
"https://www.huffpost.com/section/healthy-living/feed","HUFFPOST","Huffington Post","Wellness","USA"
"https://www.huffpost.com/section/women/feed","HUFFPOST","Huffington Post","Women","USA"
"https://www.huffpost.com/section/worklife/feed","HUFFPOST","Huffington Post","Work/Life","USA"
"https://www.huffpost.com/section/world-news/feed","HUFFPOST","Huffington Post","World News","USA"
"http://www.gazette.com/search/?q=&t=article&l=25&d=&d1=&d2=&s=start_time&sd=desc&f=rss&_ga=2.61934127.248520087.1564405260-227583218.1564405260","gazette","The Gazette (Colorado Springs)"," All Sections","USA"
"http://www.gazette.com/search/?q=&t=article&l=25&d=&d1=&d2=&s=start_time&sd=desc&c%5B%5D=news/local&f=rss","gazette","The Gazette (Colorado Springs)"," Local","USA"
"http://www.gazette.com/search/?q=&t=article&l=25&d=&d1=&d2=&s=start_time&sd=desc&c%5B%5D=arts-entertainment*&f=rss","gazette","The Gazette (Colorado Springs)"," Entertainment","USA"
"https://gazette.com/search/?q=&app=calendar&l=25&d=&d1=&d2=&s=start_time&sd=desc&c%5B%5D=calendar*&f=rss","gazette","The Gazette (Colorado Springs)"," ColoradoSprings.com","USA"
"https://gazette.com/search/?q=&app=calendar&l=25&d=&d1=&d2=&s=start_time&sd=desc&c%5B%5D=calendar*&f=rss","gazette","The Gazette (Colorado Springs)"," Event Calendar","USA"
"http://www.coloradosprings.com/search/?q=&t=article&l=25&d=&d1=&d2=&s=start_time&sd=desc&c%5B%5D=dining*&f=rss","gazette","The Gazette (Colorado Springs)"," Dining Guide","USA"
"http://www.coloradosprings.com/search/?q=&t=article&l=25&d=&d1=&d2=&s=start_time&sd=desc&c%5B%5D=movies*&f=rss","gazette","The Gazette (Colorado Springs)"," Cinema Guide","USA"
"http://www.coloradosprings.com/common/rss/rss.phpCommunity+and+Culture","gazette","The Gazette (Colorado Springs)"," Around Town","USA"
"http://www.coloradosprings.com/search/?q=&t=article&l=25&d=&d1=&d2=&s=start_time&sd=desc&c%5B%5D=attractions*&f=rss","gazette","The Gazette (Colorado Springs)"," Travel","USA"
"http://www.gazette.com/search/?q=&t=article&l=25&d=&d1=&d2=&s=start_time&sd=desc&c%5B%5D=sports*&f=rss","gazette","The Gazette (Colorado Springs)"," Sports","USA"
"http://www.gazette.com/search/?q=&t=article&l=25&d=&d1=&d2=&s=start_time&sd=desc&c%5B%5D=business*&f=rss","gazette","The Gazette (Colorado Springs)"," Business","USA"
"http://www.gazette.com/search/?q=&t=article&l=25&d=&d1=&d2=&s=start_time&sd=desc&c%5B%5D=opinion*&f=rss","gazette","The Gazette (Colorado Springs)"," Opinion","USA"
"http://www.gazette.com/search/?q=&t=article&l=25&d=&d1=&d2=&s=start_time&sd=desc&c%5B%5D=blogs*&f=rss","gazette","The Gazette (Colorado Springs)"," Blogs","USA"
"http://www.gazette.com/search/?q=&t=article&l=25&d=&d1=&d2=&s=start_time&sd=desc&c%5B%5D=outthere*&f=rss","gazette","The Gazette (Colorado Springs)"," OutThereColorado.com","USA"
"http://www.csfreshink.com/activity/log/list?fmt=rss","gazette","The Gazette (Colorado Springs)"," CSFreshInk.com","USA"
"http://gazette.com/rss/Parenting","gazette","The Gazette (Colorado Springs)"," PikesPeakParent.com","USA"